anio,mes,dia,estacion,valor
2017, 5, 8, 3, 5.53
2017, 5, 8, 4, 14.12
2017, 5, 8, 5, 4.91
2017, 5, 8, 7, 22.87
2017, 5, 8, 10, 5.22
2017, 5, 8, 11, 3.68
2017, 5, 8, 12, 11.97
2017, 5, 8, 13, 1.69
2017, 5, 8, 14, 1.54
2017, 5, 8, 15, 19.34
2017, 5, 8, 17, 7.37
2017, 5, 15, 2, 0.69
2017, 5, 15, 3, 2.46
2017, 5, 15, 4, 25.48
2017, 5, 15, 5, 6.45
2017, 5, 15, 6, 15.66
2017, 5, 15, 7, 1.54
2017, 5, 15, 8, 22.41
2017, 5, 15, 9, 28.25
2017, 5, 15, 10, 0.49
2017, 5, 15, 11, 5.5
2017, 5, 15, 12, 37.76
2017, 5, 15, 13, 19.34
2017, 5, 15, 14, 2.61
2017, 5, 15, 15, 19.03
2017, 5, 15, 16, 1.69
2017, 5, 15, 17, 0.46
2017, 5, 22, 2, 5.68
2017, 5, 22, 3, 19.19
2017, 5, 22, 4, 76.45
2017, 5, 22, 5, 30.39
2017, 5, 22, 6, 4.14
2017, 5, 22, 7, 15.66
2017, 5, 22, 8, 80.59
2017, 5, 22, 9, 6.75
2017, 5, 22, 10, 0.84
2017, 5, 22, 11, 34.85
2017, 5, 22, 12, 88.42
2017, 5, 22, 13, 81.97
2017, 5, 22, 14, 42.06
2017, 5, 22, 15, 103.46
2017, 5, 22, 16, 18.73
2017, 5, 22, 17, 22.87
2017, 5, 29, 2, 56.03
2017, 5, 29, 3, 3.07
2017, 5, 29, 4, 10.13
2017, 5, 29, 5, 2.0
2017, 5, 29, 6, 39.76
2017, 5, 29, 7, 2.3
2017, 5, 29, 8, 14.12
2017, 5, 29, 9, 42.52
2017, 5, 29, 10, 1.38
2017, 5, 29, 11, 0.49
2017, 5, 29, 12, 27.94
2017, 5, 29, 13, 83.2
2017, 5, 29, 14, 18.57
2017, 5, 29, 15, 35.61
2017, 5, 29, 16, 10.44
2017, 5, 29, 17, 5.53
2017, 6, 5, 2, 71.23
2017, 6, 5, 3, 52.5
2017, 6, 5, 4, 34.69
2017, 6, 5, 5, 41.29
2017, 6, 5, 6, 46.97
2017, 6, 5, 7, 42.06
2017, 6, 5, 8, 15.04
2017, 6, 5, 9, 77.37
2017, 6, 5, 10, 25.17
2017, 6, 5, 11, 20.88
2017, 6, 5, 12, 42.52
2017, 6, 5, 13, 35.92
2017, 6, 5, 14, 25.79
2017, 6, 5, 15, 26.71
2017, 6, 5, 16, 57.87
2017, 6, 5, 17, 29.47
2017, 6, 12, 3, 35.92
2017, 6, 12, 5, 23.33
2017, 6, 12, 7, 12.59
2017, 6, 12, 9, 0.3
2017, 6, 12, 10, 8.6
2017, 6, 12, 11, 15.35
2017, 6, 12, 13, 15.35
2017, 6, 12, 14, 3.53
2017, 6, 12, 15, 3.68
2017, 6, 12, 16, 3.2
2017, 6, 12, 17, 40.68
2017, 6, 19, 2, 66.31
2017, 6, 19, 3, 0.49
2017, 6, 19, 5, 20.3
2017, 6, 19, 6, 27.32
2017, 6, 19, 7, 0.87
2017, 6, 19, 8, 42.98
2017, 6, 19, 9, 109.3
2017, 6, 19, 10, 1.11
2017, 6, 19, 11, 1.0
2017, 6, 19, 12, 50.66
2017, 6, 19, 13, 21.18
2017, 6, 19, 14, 8.9
2017, 6, 19, 15, 48.51
2017, 6, 19, 16, 7.21
2017, 6, 19, 17, 3.68
2017, 6, 26, 2, 45.44
2017, 6, 26, 3, 142.45
2017, 6, 26, 4, 51.27
2017, 6, 26, 5, 58.03
2017, 6, 26, 6, 58.64
2017, 6, 26, 7, 52.19
2017, 6, 26, 8, 64.78
2017, 6, 26, 9, 42.67
2017, 6, 26, 10, 70.0
2017, 6, 26, 11, 22.72
2017, 6, 26, 12, 50.96
2017, 6, 26, 13, 35.92
2017, 6, 26, 14, 32.54
2017, 6, 26, 15, 56.8
2017, 6, 26, 16, 28.86
2017, 6, 26, 17, 76.14
2017, 7, 3, 2, 77.52
2017, 7, 3, 3, 77.98
2017, 7, 3, 4, 74.3
2017, 7, 3, 5, 73.38
2017, 7, 3, 6, 52.5
2017, 7, 3, 7, 95.79
2017, 7, 3, 8, 91.64
2017, 7, 3, 9, 50.35
2017, 7, 3, 10, 81.97
2017, 7, 3, 11, 57.1
2017, 7, 3, 12, 120.04
2017, 7, 3, 13, 139.08
2017, 7, 3, 14, 39.45
2017, 7, 3, 15, 143.99
2017, 7, 3, 16, 29.47
2017, 7, 3, 17, 51.58
2017, 7, 10, 2, 28.55
2017, 7, 10, 3, 93.33
2017, 7, 10, 4, 21.49
2017, 7, 10, 5, 12.89
2017, 7, 10, 6, 42.37
2017, 7, 10, 7, 24.87
2017, 7, 10, 8, 4.61
2017, 7, 10, 9, 13.05
2017, 7, 10, 10, 54.03
2017, 7, 10, 11, 60.17
2017, 7, 10, 12, 23.64
2017, 7, 10, 13, 22.1
2017, 7, 10, 14, 43.9
2017, 7, 10, 15, 6.14
2017, 7, 10, 16, 12.59
2017, 7, 10, 17, 84.12
2017, 7, 17, 2, 58.95
2017, 7, 17, 3, 9.52
2017, 7, 17, 4, 66.93
2017, 7, 17, 5, 16.89
2017, 7, 17, 6, 34.69
2017, 7, 17, 7, 26.1
2017, 7, 17, 8, 99.32
2017, 7, 17, 9, 31.32
2017, 7, 17, 10, 17.19
2017, 7, 17, 11, 26.4
2017, 7, 17, 12, 53.73
2017, 7, 17, 13, 65.24
2017, 7, 17, 14, 40.99
2017, 7, 17, 15, 44.82
2017, 7, 17, 16, 34.08
2017, 7, 17, 17, 8.6
2017, 7, 24, 2, 25.48
2017, 7, 24, 3, 14.74
2017, 7, 24, 4, 36.38
2017, 7, 24, 5, 4.91
2017, 7, 24, 6, 8.6
2017, 7, 24, 7, 37.46
2017, 7, 24, 8, 81.67
2017, 7, 24, 9, 10.75
2017, 7, 24, 10, 23.03
2017, 7, 24, 11, 3.84
2017, 7, 24, 12, 10.13
2017, 7, 24, 13, 7.21
2017, 7, 24, 14, 26.4
2017, 7, 24, 15, 7.06
2017, 7, 24, 17, 11.97
2017, 7, 31, 2, 28.25
2017, 7, 31, 3, 4.76
2017, 7, 31, 4, 29.47
2017, 7, 31, 5, 4.3
2017, 7, 31, 6, 13.51
2017, 7, 31, 7, 1.54
2017, 7, 31, 8, 73.99
2017, 7, 31, 9, 14.12
2017, 7, 31, 10, 5.37
2017, 7, 31, 11, 6.6
2017, 7, 31, 12, 24.25
2017, 7, 31, 13, 42.52
2017, 7, 31, 14, 13.66
2017, 7, 31, 15, 53.73
2017, 7, 31, 16, 3.68
2017, 7, 31, 17, 6.91
2017, 8, 7, 2, 64.78
2017, 8, 7, 3, 12.28
2017, 8, 7, 4, 29.47
2017, 8, 7, 5, 24.56
2017, 8, 7, 6, 16.27
2017, 8, 7, 7, 10.13
2017, 8, 7, 8, 34.39
2017, 8, 7, 9, 31.01
2017, 8, 7, 10, 12.89
2017, 8, 7, 11, 23.33
2017, 8, 7, 12, 47.13
2017, 8, 7, 13, 57.1
2017, 8, 7, 14, 42.52
2017, 8, 7, 15, 66.16
2017, 8, 7, 16, 5.83
2017, 8, 7, 17, 14.74
2017, 8, 14, 2, 69.38
2017, 8, 14, 3, 54.65
2017, 8, 14, 4, 56.8
2017, 8, 14, 5, 80.74
2017, 8, 14, 6, 25.48
2017, 8, 14, 7, 11.97
2017, 8, 14, 8, 147.06
2017, 8, 14, 9, 45.74
2017, 8, 14, 10, 31.01
2017, 8, 14, 11, 14.43
2017, 8, 14, 12, 47.28
2017, 8, 14, 13, 57.41
2017, 8, 14, 14, 21.8
2017, 8, 14, 15, 64.78
2017, 8, 14, 16, 30.7
2017, 8, 14, 17, 86.58
2017, 8, 21, 2, 114.21
2017, 8, 21, 3, 16.27
2017, 8, 21, 4, 70.46
2017, 8, 21, 5, 64.63
2017, 8, 21, 6, 126.8
2017, 8, 21, 7, 16.89
2017, 8, 21, 8, 103.77
2017, 8, 21, 9, 105.31
2017, 8, 21, 10, 63.09
2017, 8, 21, 11, 17.96
2017, 8, 21, 12, 69.38
2017, 8, 21, 13, 33.3
2017, 8, 21, 14, 30.39
2017, 8, 21, 15, 73.38
2017, 8, 21, 16, 34.08
2017, 8, 21, 17, 13.97
2017, 8, 28, 2, 82.28
2017, 8, 28, 3, 105.31
2017, 8, 28, 4, 116.36
2017, 8, 28, 5, 83.2
2017, 8, 28, 6, 42.06
2017, 8, 28, 7, 111.14
2017, 8, 28, 8, 198.64
2017, 8, 28, 9, 58.64
2017, 8, 28, 10, 100.39
2017, 8, 28, 11, 56.8
2017, 8, 28, 12, 226.42
2017, 8, 28, 13, 116.1
2017, 8, 28, 14, 65.7
2017, 8, 28, 15, 181.75
2017, 8, 28, 16, 73.38
2017, 8, 28, 17, 84.74
2017, 9, 4, 2, 8.6
2017, 9, 4, 3, 15.35
2017, 9, 4, 4, 60.79
2017, 9, 4, 5, 22.72
2017, 9, 4, 6, 6.75
2017, 9, 4, 7, 60.79
2017, 9, 4, 8, 24.56
2017, 9, 4, 10, 68.16
2017, 9, 4, 11, 24.87
2017, 9, 4, 12, 20.57
2017, 9, 4, 13, 119.1
2017, 9, 4, 14, 31.01
2017, 9, 4, 15, 26.4
2017, 9, 4, 16, 8.9
2017, 9, 4, 17, 13.82
2017, 9, 11, 2, 50.96
2017, 9, 11, 3, 11.97
2017, 9, 11, 4, 38.68
2017, 9, 11, 5, 25.48
2017, 9, 11, 6, 52.81
2017, 9, 11, 7, 11.51
2017, 9, 11, 8, 41.5
2017, 9, 11, 9, 57.1
2017, 9, 11, 10, 10.28
2017, 9, 11, 11, 2.15
2017, 9, 11, 12, 54.03
2017, 9, 11, 13, 14.43
2017, 9, 11, 14, 1.84
2017, 9, 11, 15, 40.53
2017, 9, 11, 16, 11.36
2017, 9, 11, 17, 23.64
2017, 9, 18, 2, 10.13
2017, 9, 18, 3, 8.29
2017, 9, 18, 4, 27.32
2017, 9, 18, 5, 21.6
2017, 9, 18, 6, 38.07
2017, 9, 18, 7, 9.06
2017, 9, 18, 8, 21.2
2017, 9, 18, 9, 34.08
2017, 9, 18, 10, 17.5
2017, 9, 18, 11, 26.5
2017, 9, 18, 12, 72.45
2017, 9, 18, 13, 16.27
2017, 9, 18, 14, 3.84
2017, 9, 18, 15, 58.95
2017, 9, 18, 16, 10.8
2017, 9, 18, 17, 25.79
2017, 9, 25, 2, 53.73
2017, 9, 25, 3, 23.33
2017, 9, 25, 4, 47.59
2017, 9, 25, 5, 41.1
2017, 9, 25, 6, 14.12
2017, 9, 25, 7, 15.66
2017, 9, 25, 8, 109.0
2017, 9, 25, 9, 13.97
2017, 9, 25, 10, 43.75
2017, 9, 25, 11, 21.5
2017, 9, 25, 12, 78.9
2017, 9, 25, 13, 85.66
2017, 9, 25, 14, 31.2
2017, 9, 25, 15, 68.16
2017, 9, 25, 16, 46.6
2017, 9, 25, 17, 36.84
2017, 10, 2, 2, 3.99
2017, 10, 2, 3, 0.49
2017, 10, 2, 4, 7.4
2017, 10, 2, 5, 0.5
2017, 10, 2, 6, 0.32
2017, 10, 2, 7, 4.14
2017, 10, 2, 8, 12.2
2017, 10, 2, 9, 1.3
2017, 10, 2, 10, 0.58
2017, 10, 2, 11, 0.54
2017, 10, 2, 12, 11.36
2017, 10, 2, 13, 4.14
2017, 10, 2, 14, 4.91
2017, 10, 2, 15, 27.94
2017, 10, 2, 16, 7.9
2017, 10, 2, 17, 0.54
2017, 10, 9, 2, 15.96
2017, 10, 9, 3, 4.61
2017, 10, 9, 4, 27.9
2017, 10, 9, 5, 7.6
2017, 10, 9, 6, 1.03
2017, 10, 9, 7, 0.38
2017, 10, 9, 8, 13.1
2017, 10, 9, 9, 10.13
2017, 10, 9, 10, 3.22
2017, 10, 9, 11, 4.91
2017, 10, 9, 12, 21.8
2017, 10, 9, 13, 83.51
2017, 10, 9, 14, 5.68
2017, 10, 9, 15, 16.27
2017, 10, 9, 16, 12.8
2017, 10, 9, 17, 8.75
2017, 10, 16, 3, 0.2
2017, 10, 16, 4, 3.8
2017, 10, 16, 5, 5.68
2017, 10, 16, 8, 0.6
2017, 10, 16, 11, 8.75
2017, 10, 16, 12, 10.28
2017, 10, 16, 13, 8.9
2017, 10, 16, 14, 3.99
2017, 10, 16, 15, 10.75
2017, 10, 16, 17, 0.3
2017, 10, 23, 2, 7.06
2017, 10, 23, 3, 0.1
2017, 10, 23, 4, 13.5
2017, 10, 23, 6, 0.49
2017, 10, 23, 8, 9.52
2017, 10, 23, 9, 4.91
2017, 10, 23, 12, 14.43
2017, 10, 23, 13, 0.49
2017, 10, 23, 15, 21.8
2017, 10, 30, 3, 1.07
2017, 10, 30, 5, 7.21
2017, 10, 30, 7, 1.38
2017, 10, 30, 10, 15.04
2017, 10, 30, 11, 1.69
2017, 10, 30, 15, 5.7
2017, 10, 30, 16, 4.4
2017, 10, 30, 17, 0.92
2017, 11, 6, 7, 0.2
2018, 4, 23, 2, 21.1
2018, 4, 23, 3, 11.97
2018, 4, 23, 4, 2.0
2018, 4, 23, 5, 41.9
2018, 4, 23, 6, 4.5
2018, 4, 23, 7, 7.9
2018, 4, 23, 8, 24.7
2018, 4, 23, 9, 24.6
2018, 4, 23, 10, 21.3
2018, 4, 23, 11, 20.8
2018, 4, 23, 12, 1.0
2018, 4, 23, 13, 6.1
2018, 4, 23, 14, 16.9
2018, 4, 23, 15, 9.0
2018, 4, 23, 16, 36.0
2018, 4, 23, 17, 17.2
2018, 4, 30, 2, 28.7
2018, 4, 30, 3, 18.3
2018, 4, 30, 4, 15.0
2018, 4, 30, 5, 38.1
2018, 4, 30, 6, 1.2
2018, 4, 30, 7, 20.8
2018, 4, 30, 8, 6.9
2018, 4, 30, 9, 15.2
2018, 4, 30, 10, 49.0
2018, 4, 30, 11, 15.2
2018, 4, 30, 12, 11.7
2018, 4, 30, 13, 35.1
2018, 4, 30, 14, 32.7
2018, 4, 30, 15, 10.8
2018, 4, 30, 16, 26.2
2018, 4, 30, 17, 11.4
2018, 5, 7, 2, 51.6
2018, 5, 7, 3, 4.5
2018, 5, 7, 4, 17.0
2018, 5, 7, 5, 1.5
2018, 5, 7, 6, 52.6
2018, 5, 7, 7, 6.4
2018, 5, 7, 8, 17.5
2018, 5, 7, 9, 26.9
2018, 5, 7, 10, 8.7
2018, 5, 7, 11, 1.7
2018, 5, 7, 12, 24.9
2018, 5, 7, 13, 17.8
2018, 5, 7, 14, 0.3
2018, 5, 7, 15, 22.5
2018, 5, 7, 16, 5.2
2018, 5, 7, 17, 2.8
2018, 5, 14, 2, 10.4
2018, 5, 14, 3, 19.1
2018, 5, 14, 4, 19.3
2018, 5, 14, 5, 35.1
2018, 5, 14, 6, 17.5
2018, 5, 14, 7, 17.5
2018, 5, 14, 8, 4.0
2018, 5, 14, 9, 15.2
2018, 5, 14, 10, 52.6
2018, 5, 14, 11, 41.0
2018, 5, 14, 12, 17.3
2018, 5, 14, 13, 4.6
2018, 5, 14, 14, 54.1
2018, 5, 14, 15, 4.9
2018, 5, 14, 16, 32.3
2018, 5, 14, 17, 21.1
2018, 5, 21, 2, 23.1
2018, 5, 21, 4, 19.6
2018, 5, 21, 6, 5.3
2018, 5, 21, 8, 1.5
2018, 5, 21, 9, 13.5
2018, 5, 21, 10, 1.3
2018, 5, 21, 11, 38.4
2018, 5, 21, 12, 29.2
2018, 5, 21, 13, 8.6
2018, 5, 21, 15, 18.3
2018, 5, 28, 2, 0.3
2018, 5, 28, 3, 0.2
2018, 5, 28, 4, 18.42
2018, 5, 28, 8, 0.9
2018, 5, 28, 9, 4.8
2018, 5, 28, 10, 0.8
2018, 5, 28, 11, 0.3
2018, 5, 28, 13, 1.0
2018, 5, 28, 16, 0.2
2018, 5, 28, 17, 3.0
2018, 6, 4, 2, 14.2
2018, 6, 4, 3, 69.0
2018, 6, 4, 4, 6.4
2018, 6, 4, 5, 87.4
2018, 6, 4, 6, 35.0
2018, 6, 4, 7, 24.1
2018, 6, 4, 8, 53.3
2018, 6, 4, 9, 16.0
2018, 6, 4, 10, 7.7
2018, 6, 4, 11, 35.7
2018, 6, 4, 12, 5.3
2018, 6, 4, 13, 19.8
2018, 6, 4, 14, 22.1
2018, 6, 4, 15, 14.0
2018, 6, 4, 16, 23.7
2018, 6, 4, 17, 72.9
2018, 6, 11, 2, 160.3
2018, 6, 11, 3, 49.1
2018, 6, 11, 4, 79.5
2018, 6, 11, 5, 68.3
2018, 6, 11, 6, 124.0
2018, 6, 11, 7, 59.7
2018, 6, 11, 8, 139.4
2018, 6, 11, 9, 200.9
2018, 6, 11, 10, 32.9
2018, 6, 11, 11, 24.5
2018, 6, 11, 12, 68.8
2018, 6, 11, 13, 100.6
2018, 6, 11, 14, 50.5
2018, 6, 11, 15, 49.9
2018, 6, 11, 16, 13.3
2018, 6, 11, 17, 52.3
2018, 6, 18, 2, 36.1
2018, 6, 18, 3, 59.0
2018, 6, 18, 4, 38.6
2018, 6, 18, 5, 53.1
2018, 6, 18, 6, 23.1
2018, 6, 18, 7, 16.1
2018, 6, 18, 8, 57.9
2018, 6, 18, 9, 39.3
2018, 6, 18, 10, 7.7
2018, 6, 18, 11, 16.6
2018, 6, 18, 12, 42.9
2018, 6, 18, 13, 50.8
2018, 6, 18, 14, 5.5
2018, 6, 18, 15, 88.1
2018, 6, 18, 16, 4.9
2018, 6, 18, 17, 107.2
2018, 6, 25, 2, 79.0
2018, 6, 25, 3, 29.0
2018, 6, 25, 4, 28.9
2018, 6, 25, 5, 22.4
2018, 6, 25, 6, 39.9
2018, 6, 25, 7, 21.9
2018, 6, 25, 8, 61.2
2018, 6, 25, 9, 28.4
2018, 6, 25, 10, 19.3
2018, 6, 25, 11, 8.6
2018, 6, 25, 12, 17.5
2018, 6, 25, 13, 26.2
2018, 6, 25, 14, 3.7
2018, 6, 25, 15, 60.7
2018, 6, 25, 16, 9.1
2018, 6, 25, 17, 38.9
2018, 7, 2, 2, 17.8
2018, 7, 2, 3, 39.0
2018, 7, 2, 4, 27.2
2018, 7, 2, 5, 36.3
2018, 7, 2, 6, 20.8
2018, 7, 2, 7, 26.2
2018, 7, 2, 8, 46.6
2018, 7, 2, 9, 86.1
2018, 7, 2, 10, 31.8
2018, 7, 2, 11, 11.7
2018, 7, 2, 12, 25.7
2018, 7, 2, 13, 81.0
2018, 7, 2, 14, 36.8
2018, 7, 2, 15, 51.7
2018, 7, 2, 16, 30.8
2018, 7, 2, 17, 42.9
2018, 7, 9, 2, 56.1
2018, 7, 9, 3, 38.9
2018, 7, 9, 4, 71.6
2018, 7, 9, 5, 50.0
2018, 7, 9, 6, 55.6
2018, 7, 9, 7, 43.9
2018, 7, 9, 8, 78.1
2018, 7, 9, 9, 68.3
2018, 7, 9, 10, 41.4
2018, 7, 9, 11, 33.4
2018, 7, 9, 12, 62.5
2018, 7, 9, 13, 19.8
2018, 7, 9, 14, 19.1
2018, 7, 9, 15, 41.5
2018, 7, 9, 16, 18.9
2018, 7, 9, 17, 56.4
2018, 7, 16, 2, 25.4
2018, 7, 16, 3, 0.5
2018, 7, 16, 4, 39.6
2018, 7, 16, 5, 25.7
2018, 7, 16, 6, 2.8
2018, 7, 16, 7, 11.9
2018, 7, 16, 8, 10.2
2018, 7, 16, 9, 3.1
2018, 7, 16, 10, 1.0
2018, 7, 16, 11, 0.6
2018, 7, 16, 12, 19.6
2018, 7, 16, 13, 46.5
2018, 7, 16, 15, 20.5
2018, 7, 16, 16, 3.0
2018, 7, 23, 2, 31.5
2018, 7, 23, 3, 7.2
2018, 7, 23, 4, 16.0
2018, 7, 23, 5, 15.0
2018, 7, 23, 6, 12.3
2018, 7, 23, 7, 16.4
2018, 7, 23, 8, 25.0
2018, 7, 23, 9, 20.6
2018, 7, 23, 10, 14.4
2018, 7, 23, 11, 16.3
2018, 7, 23, 12, 37.3
2018, 7, 23, 13, 32.8
2018, 7, 23, 14, 25.9
2018, 7, 23, 15, 28.5
2018, 7, 23, 16, 22.1
2018, 7, 23, 17, 9.7
2018, 7, 30, 2, 81.8
2018, 7, 30, 3, 59.0
2018, 7, 30, 4, 47.5
2018, 7, 30, 5, 40.5
2018, 7, 30, 6, 59.6
2018, 7, 30, 7, 68.9
2018, 7, 30, 8, 106.5
2018, 7, 30, 9, 58.2
2018, 7, 30, 10, 29.2
2018, 7, 30, 11, 26.0
2018, 7, 30, 12, 62.5
2018, 7, 30, 13, 56.9
2018, 7, 30, 14, 51.3
2018, 7, 30, 15, 77.9
2018, 7, 30, 16, 36.6
2018, 7, 30, 17, 55.6
2018, 8, 6, 2, 85.1
2018, 8, 6, 3, 49.0
2018, 8, 6, 4, 80.8
2018, 8, 6, 5, 49.7
2018, 8, 6, 6, 55.1
2018, 8, 6, 7, 67.4
2018, 8, 6, 8, 121.9
2018, 8, 6, 9, 89.7
2018, 8, 6, 10, 63.2
2018, 8, 6, 11, 52.8
2018, 8, 6, 12, 69.6
2018, 8, 6, 13, 30.7
2018, 8, 6, 14, 31.0
2018, 8, 6, 15, 53.5
2018, 8, 6, 16, 75.6
2018, 8, 6, 17, 38.1
2018, 8, 13, 2, 58.4
2018, 8, 13, 3, 38.9
2018, 8, 13, 4, 59.2
2018, 8, 13, 5, 13.5
2018, 8, 13, 6, 25.7
2018, 8, 13, 7, 6.8
2018, 8, 13, 8, 48.3
2018, 8, 13, 9, 80.8
2018, 8, 13, 10, 62.0
2018, 8, 13, 11, 62.4
2018, 8, 13, 12, 44.7
2018, 8, 13, 13, 51.6
2018, 8, 13, 14, 40.5
2018, 8, 13, 15, 43.1
2018, 8, 13, 16, 65.7
2018, 8, 13, 17, 36.6
2018, 8, 20, 2, 39.9
2018, 8, 20, 3, 23.2
2018, 8, 20, 4, 72.6
2018, 8, 20, 5, 40.9
2018, 8, 20, 6, 26.7
2018, 8, 20, 7, 22.5
2018, 8, 20, 8, 61.1
2018, 8, 20, 9, 27.2
2018, 8, 20, 10, 94.2
2018, 8, 20, 11, 25.3
2018, 8, 20, 12, 69.9
2018, 8, 20, 13, 58.9
2018, 8, 20, 14, 67.8
2018, 8, 20, 15, 71.3
2018, 8, 20, 16, 23.6
2018, 8, 20, 17, 23.6
2018, 8, 27, 2, 137.4
2018, 8, 27, 3, 19.0
2018, 8, 27, 4, 175.5
2018, 8, 27, 5, 36.1
2018, 8, 27, 6, 48.5
2018, 8, 27, 7, 24.0
2018, 8, 27, 8, 53.4
2018, 8, 27, 9, 111.5
2018, 8, 27, 10, 18.1
2018, 8, 27, 11, 21.8
2018, 8, 27, 12, 114.3
2018, 8, 27, 13, 40.1
2018, 8, 27, 14, 66.9
2018, 8, 27, 15, 118.7
2018, 8, 27, 16, 22.8
2018, 8, 27, 17, 30.5
2018, 9, 3, 2, 11.4
2018, 9, 3, 3, 18.1
2018, 9, 3, 4, 30.0
2018, 9, 3, 5, 32.3
2018, 9, 3, 6, 7.5
2018, 9, 3, 7, 14.5
2018, 9, 3, 8, 43.4
2018, 9, 3, 9, 21.6
2018, 9, 3, 10, 52.6
2018, 9, 3, 11, 40.7
2018, 9, 3, 12, 20.3
2018, 9, 3, 13, 43.9
2018, 9, 3, 14, 26.9
2018, 9, 3, 15, 31.8
2018, 9, 3, 16, 7.4
2018, 9, 3, 17, 25.4
2018, 9, 10, 2, 74.4
2018, 9, 10, 3, 39.3
2018, 9, 10, 4, 56.1
2018, 9, 10, 5, 20.8
2018, 9, 10, 6, 107.1
2018, 9, 10, 7, 18.1
2018, 9, 10, 8, 32.8
2018, 9, 10, 9, 51.0
2018, 9, 10, 10, 12.0
2018, 9, 10, 11, 40.9
2018, 9, 10, 12, 68.6
2018, 9, 10, 13, 31.5
2018, 9, 10, 14, 14.5
2018, 9, 10, 15, 48.7
2018, 9, 10, 16, 7.0
2018, 9, 10, 17, 20.9
2018, 9, 17, 2, 43.2
2018, 9, 17, 3, 37.46
2018, 9, 17, 4, 104.1
2018, 9, 17, 5, 75.2
2018, 9, 17, 6, 33.2
2018, 9, 17, 7, 14.7
2018, 9, 17, 8, 88.2
2018, 9, 17, 9, 17.8
2018, 9, 17, 10, 18.5
2018, 9, 17, 11, 31.0
2018, 9, 17, 12, 71.4
2018, 9, 17, 13, 49.0
2018, 9, 17, 14, 52.6
2018, 9, 17, 15, 34.6
2018, 9, 17, 16, 48.8
2018, 9, 17, 17, 22.9
2018, 9, 24, 2, 28.2
2018, 9, 24, 3, 13.7
2018, 9, 24, 4, 38.6
2018, 9, 24, 5, 4.0
2018, 9, 24, 6, 4.2
2018, 9, 24, 7, 2.0
2018, 9, 24, 8, 96.9
2018, 9, 24, 9, 14.0
2018, 9, 24, 10, 2.0
2018, 9, 24, 11, 2.0
2018, 9, 24, 12, 51.0
2018, 9, 24, 13, 46.7
2018, 9, 24, 14, 20.8
2018, 9, 24, 15, 73.3
2018, 9, 24, 16, 12.6
2018, 9, 24, 17, 11.2
2018, 10, 1, 2, 12.2
2018, 10, 1, 3, 19.0
2018, 10, 1, 4, 45.7
2018, 10, 1, 5, 22.4
2018, 10, 1, 6, 73.8
2018, 10, 1, 7, 10.7
2018, 10, 1, 8, 48.4
2018, 10, 1, 9, 30.0
2018, 10, 1, 10, 18.0
2018, 10, 1, 11, 23.5
2018, 10, 1, 12, 56.4
2018, 10, 1, 13, 28.7
2018, 10, 1, 14, 25.7
2018, 10, 1, 15, 45.2
2018, 10, 1, 17, 26.4
2018, 10, 8, 2, 29.7
2018, 10, 8, 3, 19.1
2018, 10, 8, 4, 41.7
2018, 10, 8, 5, 9.4
2018, 10, 8, 6, 38.2
2018, 10, 8, 7, 21.3
2018, 10, 8, 8, 28.0
2018, 10, 8, 9, 37.3
2018, 10, 8, 10, 58.7
2018, 10, 8, 11, 17.8
2018, 10, 8, 12, 38.1
2018, 10, 8, 13, 43.7
2018, 10, 8, 14, 12.2
2018, 10, 8, 15, 65.7
2018, 10, 8, 16, 10.5
2018, 10, 8, 17, 37.8
2018, 10, 15, 2, 24.6
2018, 10, 15, 3, 2.8
2018, 10, 15, 4, 24.1
2018, 10, 15, 5, 2.8
2018, 10, 15, 6, 10.4
2018, 10, 15, 7, 1.3
2018, 10, 15, 8, 67.7
2018, 10, 15, 9, 23.1
2018, 10, 15, 10, 5.2
2018, 10, 15, 11, 2.6
2018, 10, 15, 12, 19.3
2018, 10, 15, 13, 37.1
2018, 10, 15, 14, 7.2
2018, 10, 15, 15, 29.2
2018, 10, 15, 16, 2.4
2018, 10, 15, 17, 2.8
2018, 10, 22, 2, 6.9
2018, 10, 22, 3, 96.5
2018, 10, 22, 4, 12.7
2018, 10, 22, 5, 63.2
2018, 10, 22, 6, 25.2
2018, 10, 22, 7, 32.3
2018, 10, 22, 8, 3.7
2018, 10, 22, 9, 13.5
2018, 10, 22, 10, 19.3
2018, 10, 22, 11, 13.2
2018, 10, 22, 12, 13.2
2018, 10, 22, 13, 30.7
2018, 10, 22, 14, 36.8
2018, 10, 22, 15, 13.6
2018, 10, 22, 16, 21.3
2018, 10, 22, 17, 28.7
2018, 10, 29, 2, 23.8
2018, 10, 29, 3, 34.8
2018, 10, 29, 4, 23.9
2018, 10, 29, 5, 74.9
2018, 10, 29, 6, 22.5
2018, 10, 29, 7, 52.5
2018, 10, 29, 8, 16.8
2018, 10, 29, 9, 27.4
2018, 10, 29, 10, 1.84
2018, 10, 29, 11, 11.4
2018, 10, 29, 12, 22.0
2018, 10, 29, 13, 33.16
2018, 10, 29, 14, 67.3
2018, 10, 29, 15, 25.5
2018, 10, 29, 16, 18.6
2018, 10, 29, 17, 23.3
2018, 11, 5, 3, 28.3
2018, 11, 5, 5, 20.11
2018, 11, 5, 6, 6.2
2018, 11, 5, 10, 12.43
2018, 11, 5, 11, 19.03
2018, 11, 5, 14, 25.02
2018, 11, 5, 17, 25.0
2018, 11, 12, 2, 20.57
2018, 11, 12, 4, 0.7
2018, 11, 12, 6, 16.4
2018, 11, 12, 8, 24.1
2018, 11, 12, 9, 21.18
2018, 11, 12, 11, 0.77
2018, 11, 12, 13, 29.47
2018, 11, 12, 15, 12.59
2019, 4, 22, 2, 3.3
2019, 4, 22, 3, 2.9
2019, 4, 22, 4, 0.4
2019, 4, 22, 5, 12.2
2019, 4, 22, 6, 0.5
2019, 4, 22, 7, 2.5
2019, 4, 22, 8, 7.1
2019, 4, 22, 9, 3.9
2019, 4, 22, 10, 13.7
2019, 4, 22, 12, 1.5
2019, 4, 22, 13, 1.3
2019, 4, 22, 14, 26.2
2019, 4, 22, 15, 7.4
2019, 4, 22, 16, 7.7
2019, 4, 22, 17, 3.1
2019, 4, 29, 2, 3.6
2019, 4, 29, 4, 8.4
2019, 4, 29, 5, 0.3
2019, 4, 29, 6, 5.4
2019, 4, 29, 7, 1.0
2019, 4, 29, 8, 6.3
2019, 4, 29, 9, 0.9
2019, 4, 29, 12, 4.9
2019, 4, 29, 13, 8.6
2019, 4, 29, 14, 6.8
2019, 4, 29, 15, 1.4
2019, 4, 29, 16, 8.4
2019, 5, 6, 5, 22.9
2019, 5, 6, 14, 1.4
2019, 5, 6, 16, 2.8
2019, 5, 13, 2, 4.9
2019, 5, 13, 3, 20.2
2019, 5, 13, 4, 9.4
2019, 5, 13, 5, 6.5
2019, 5, 13, 6, 12.9
2019, 5, 13, 7, 10.1
2019, 5, 13, 8, 8.5
2019, 5, 13, 9, 6.6
2019, 5, 13, 10, 11.9
2019, 5, 13, 11, 11.1
2019, 5, 13, 12, 9.4
2019, 5, 13, 13, 4.1
2019, 5, 13, 14, 17.2
2019, 5, 13, 15, 11.8
2019, 5, 13, 16, 27.9
2019, 5, 13, 17, 14.8
2019, 5, 20, 2, 8.1
2019, 5, 20, 3, 1.2
2019, 5, 20, 4, 7.9
2019, 5, 20, 5, 2.0
2019, 5, 20, 6, 2.7
2019, 5, 20, 8, 29.4
2019, 5, 20, 9, 3.3
2019, 5, 20, 10, 2.4
2019, 5, 20, 11, 11.5
2019, 5, 20, 12, 10.7
2019, 5, 20, 13, 60.2
2019, 5, 20, 14, 7.5
2019, 5, 20, 15, 21.9
2019, 5, 20, 16, 7.1
2019, 5, 20, 17, 1.5
2019, 5, 27, 2, 7.9
2019, 5, 27, 3, 7.0
2019, 5, 27, 4, 8.6
2019, 5, 27, 5, 29.2
2019, 5, 27, 7, 2.8
2019, 5, 27, 8, 11.6
2019, 5, 27, 9, 5.6
2019, 5, 27, 10, 3.2
2019, 5, 27, 11, 22.1
2019, 5, 27, 12, 12.4
2019, 5, 27, 13, 17.5
2019, 5, 27, 14, 18.0
2019, 5, 27, 15, 21.8
2019, 5, 27, 16, 31.9
2019, 5, 27, 17, 1.8
2019, 6, 3, 2, 63.8
2019, 6, 3, 3, 50.8
2019, 6, 3, 4, 60.2
2019, 6, 3, 5, 41.4
2019, 6, 3, 6, 27.6
2019, 6, 3, 7, 51.9
2019, 6, 3, 8, 43.5
2019, 6, 3, 9, 63.1
2019, 6, 3, 10, 64.8
2019, 6, 3, 11, 44.5
2019, 6, 3, 12, 59.7
2019, 6, 3, 13, 51.6
2019, 6, 3, 14, 31.9
2019, 6, 3, 15, 61.5
2019, 6, 3, 16, 16.6
2019, 6, 3, 17, 75.9
2019, 6, 10, 2, 11.7
2019, 6, 10, 3, 3.4
2019, 6, 10, 4, 44.7
2019, 6, 10, 5, 17.8
2019, 6, 10, 6, 25.7
2019, 6, 10, 7, 47.1
2019, 6, 10, 8, 18.7
2019, 6, 10, 9, 13.7
2019, 6, 10, 10, 14.2
2019, 6, 10, 11, 22.0
2019, 6, 10, 12, 17.8
2019, 6, 10, 13, 3.7
2019, 6, 10, 14, 17.2
2019, 6, 10, 15, 29.5
2019, 6, 10, 16, 18.8
2019, 6, 10, 17, 21.3
2019, 6, 17, 2, 31.0
2019, 6, 17, 3, 66.1
2019, 6, 17, 4, 47.5
2019, 6, 17, 5, 67.8
2019, 6, 17, 6, 37.5
2019, 6, 17, 7, 171.9
2019, 6, 17, 8, 71.7
2019, 6, 17, 9, 39.9
2019, 6, 17, 10, 40.4
2019, 6, 17, 11, 26.0
2019, 6, 17, 12, 42.3
2019, 6, 17, 13, 59.4
2019, 6, 17, 14, 24.3
2019, 6, 17, 15, 51.3
2019, 6, 17, 16, 42.9
2019, 6, 17, 17, 44.6
2019, 6, 24, 2, 18.8
2019, 6, 24, 3, 30.2
2019, 6, 24, 4, 23.6
2019, 6, 24, 5, 29.2
2019, 6, 24, 6, 10.5
2019, 6, 24, 7, 29.5
2019, 6, 24, 8, 57.6
2019, 6, 24, 9, 14.2
2019, 6, 24, 10, 41.7
2019, 6, 24, 11, 54.1
2019, 6, 24, 12, 33.3
2019, 6, 24, 13, 41.4
2019, 6, 24, 14, 31.9
2019, 6, 24, 15, 38.4
2019, 6, 24, 16, 36.9
2019, 6, 24, 17, 21.9
2019, 7, 1, 2, 65.5
2019, 7, 1, 3, 17.1
2019, 7, 1, 4, 17.3
2019, 7, 1, 5, 35.3
2019, 7, 1, 6, 47.7
2019, 7, 1, 7, 17.7
2019, 7, 1, 8, 38.8
2019, 7, 1, 9, 44.8
2019, 7, 1, 10, 16.4
2019, 7, 1, 11, 5.8
2019, 7, 1, 12, 28.5
2019, 7, 1, 13, 30.5
2019, 7, 1, 14, 32.4
2019, 7, 1, 15, 40.6
2019, 7, 1, 16, 9.2
2019, 7, 1, 17, 25.1
2019, 7, 8, 2, 83.3
2019, 7, 8, 3, 27.3
2019, 7, 8, 4, 82.0
2019, 7, 8, 5, 44.7
2019, 7, 8, 6, 93.9
2019, 7, 8, 7, 57.9
2019, 7, 8, 8, 48.3
2019, 7, 8, 9, 54.1
2019, 7, 8, 10, 37.6
2019, 7, 8, 11, 9.3
2019, 7, 8, 12, 26.8
2019, 7, 8, 13, 129.0
2019, 7, 8, 14, 10.3
2019, 7, 8, 15, 30.9
2019, 7, 8, 16, 16.6
2019, 7, 8, 17, 17.2
2019, 7, 15, 2, 132.3
2019, 7, 15, 3, 60.5
2019, 7, 15, 4, 107.4
2019, 7, 15, 5, 40.2
2019, 7, 15, 6, 30.1
2019, 7, 15, 7, 51.1
2019, 7, 15, 8, 43.0
2019, 7, 15, 9, 52.3
2019, 7, 15, 10, 19.6
2019, 7, 15, 11, 11.1
2019, 11, 4, 13, 6.8
2019, 11, 4, 15, 6.7
2019, 11, 4, 16, 1.7
2019, 11, 11, 2, 3.6
2019, 11, 11, 4, 3.5
2019, 11, 11, 6, 2.2
2019, 11, 11, 8, 3.8
2019, 11, 11, 9, 2.5
2019, 11, 11, 12, 1.8
2019, 11, 11, 15, 1.6